<?xml version="1.1" encoding="UTF-8"?>
<linked-hash-map>
  <entry>
    <string>2</string>
    <Tag plugin="workflow-support@968.v8f17397e87b_8">
      <node class="org.jenkinsci.plugins.workflow.graph.FlowStartNode" plugin="workflow-api@1373.v7b_813f10efa_b_">
        <parentIds/>
        <id>2</id>
      </node>
      <actions>
        <wf.a.TimingAction plugin="workflow-api@1373.v7b_813f10efa_b_">
          <startTime>1748678433340</startTime>
        </wf.a.TimingAction>
      </actions>
    </Tag>
  </entry>
  <entry>
    <string>3</string>
    <Tag plugin="workflow-support@968.v8f17397e87b_8">
      <node class="cps.n.StepStartNode" plugin="workflow-cps@4106.v7a_8a_8176d450">
        <parentIds>
          <string>2</string>
        </parentIds>
        <id>3</id>
        <descriptorId>org.jenkinsci.plugins.workflow.support.steps.ExecutorStep</descriptorId>
      </node>
      <actions>
        <s.a.LogStorageAction/>
        <wf.a.TimingAction plugin="workflow-api@1373.v7b_813f10efa_b_">
          <startTime>1748678433523</startTime>
        </wf.a.TimingAction>
        <org.jenkinsci.plugins.workflow.support.steps.ExecutorStepExecution_-QueueItemActionImpl plugin="workflow-durable-task-step@1405.v1fcd4a_d00096">
          <id>20</id>
        </org.jenkinsci.plugins.workflow.support.steps.ExecutorStepExecution_-QueueItemActionImpl>
        <s.a.WorkspaceActionImpl>
          <node></node>
          <path>/var/jenkins_home/workspace/pythonAPP</path>
          <labels class="sorted-set"/>
        </s.a.WorkspaceActionImpl>
      </actions>
    </Tag>
  </entry>
  <entry>
    <string>4</string>
    <Tag plugin="workflow-support@968.v8f17397e87b_8">
      <node class="cps.n.StepStartNode" plugin="workflow-cps@4106.v7a_8a_8176d450">
        <parentIds>
          <string>3</string>
        </parentIds>
        <id>4</id>
        <descriptorId>org.jenkinsci.plugins.workflow.support.steps.ExecutorStep</descriptorId>
      </node>
      <actions>
        <wf.a.BodyInvocationAction plugin="workflow-api@1373.v7b_813f10efa_b_"/>
        <wf.a.TimingAction plugin="workflow-api@1373.v7b_813f10efa_b_">
          <startTime>1748678433556</startTime>
        </wf.a.TimingAction>
      </actions>
    </Tag>
  </entry>
  <entry>
    <string>5</string>
    <Tag plugin="workflow-support@968.v8f17397e87b_8">
      <node class="cps.n.StepStartNode" plugin="workflow-cps@4106.v7a_8a_8176d450">
        <parentIds>
          <string>4</string>
        </parentIds>
        <id>5</id>
        <descriptorId>org.jenkinsci.plugins.workflow.support.steps.StageStep</descriptorId>
      </node>
      <actions>
        <s.a.LogStorageAction/>
        <cps.a.ArgumentsActionImpl plugin="workflow-cps@4106.v7a_8a_8176d450">
          <arguments>
            <entry>
              <string>name</string>
              <string>Declarative: Checkout SCM</string>
            </entry>
          </arguments>
          <sensitiveVariables/>
          <isUnmodifiedBySanitization>true</isUnmodifiedBySanitization>
        </cps.a.ArgumentsActionImpl>
        <wf.a.TimingAction plugin="workflow-api@1373.v7b_813f10efa_b_">
          <startTime>1748678433632</startTime>
        </wf.a.TimingAction>
      </actions>
    </Tag>
  </entry>
  <entry>
    <string>6</string>
    <Tag plugin="workflow-support@968.v8f17397e87b_8">
      <node class="cps.n.StepStartNode" plugin="workflow-cps@4106.v7a_8a_8176d450">
        <parentIds>
          <string>5</string>
        </parentIds>
        <id>6</id>
        <descriptorId>org.jenkinsci.plugins.workflow.support.steps.StageStep</descriptorId>
      </node>
      <actions>
        <wf.a.BodyInvocationAction plugin="workflow-api@1373.v7b_813f10efa_b_"/>
        <wf.a.LabelAction plugin="workflow-api@1373.v7b_813f10efa_b_">
          <displayName>Declarative: Checkout SCM</displayName>
        </wf.a.LabelAction>
        <wf.a.TimingAction plugin="workflow-api@1373.v7b_813f10efa_b_">
          <startTime>1748678433646</startTime>
        </wf.a.TimingAction>
        <wf.a.TagsAction plugin="workflow-api@1373.v7b_813f10efa_b_">
          <tags>
            <entry>
              <string>SYNTHETIC_STAGE</string>
              <string>PRE</string>
            </entry>
          </tags>
        </wf.a.TagsAction>
      </actions>
    </Tag>
  </entry>
  <entry>
    <string>7</string>
    <Tag plugin="workflow-support@968.v8f17397e87b_8">
      <node class="cps.n.StepAtomNode" plugin="workflow-cps@4106.v7a_8a_8176d450">
        <parentIds>
          <string>6</string>
        </parentIds>
        <id>7</id>
        <descriptorId>org.jenkinsci.plugins.workflow.steps.scm.GenericSCMStep</descriptorId>
      </node>
      <actions>
        <cps.a.ArgumentsActionImpl plugin="workflow-cps@4106.v7a_8a_8176d450">
          <arguments>
            <entry>
              <string>scm</string>
              <org.jenkinsci.plugins.structs.describable.UninstantiatedDescribable plugin="structs@343.vdcf37b_a_c81d5">
                <symbol>scmGit</symbol>
                <arguments class="tree-map">
                  <entry>
                    <string>branches</string>
                    <list>
                      <org.jenkinsci.plugins.structs.describable.UninstantiatedDescribable>
                        <arguments class="tree-map">
                          <entry>
                            <string>name</string>
                            <string>*/main</string>
                          </entry>
                        </arguments>
                        <model resolves-to="org.jenkinsci.plugins.structs.describable.DescribableModel$SerializedForm">
                          <type>hudson.plugins.git.BranchSpec</type>
                        </model>
                      </org.jenkinsci.plugins.structs.describable.UninstantiatedDescribable>
                    </list>
                  </entry>
                  <entry>
                    <string>extensions</string>
                    <list/>
                  </entry>
                  <entry>
                    <string>userRemoteConfigs</string>
                    <list>
                      <org.jenkinsci.plugins.structs.describable.UninstantiatedDescribable>
                        <arguments class="tree-map">
                          <entry>
                            <string>url</string>
                            <string>https://github.com/yinon46/pythonAPP.git</string>
                          </entry>
                        </arguments>
                        <model resolves-to="org.jenkinsci.plugins.structs.describable.DescribableModel$SerializedForm">
                          <type>hudson.plugins.git.UserRemoteConfig</type>
                        </model>
                      </org.jenkinsci.plugins.structs.describable.UninstantiatedDescribable>
                    </list>
                  </entry>
                </arguments>
                <model resolves-to="org.jenkinsci.plugins.structs.describable.DescribableModel$SerializedForm">
                  <type>hudson.plugins.git.GitSCM</type>
                </model>
              </org.jenkinsci.plugins.structs.describable.UninstantiatedDescribable>
            </entry>
          </arguments>
          <sensitiveVariables/>
          <isUnmodifiedBySanitization>true</isUnmodifiedBySanitization>
        </cps.a.ArgumentsActionImpl>
        <wf.a.TimingAction plugin="workflow-api@1373.v7b_813f10efa_b_">
          <startTime>1748678433684</startTime>
        </wf.a.TimingAction>
        <s.a.LogStorageAction/>
      </actions>
    </Tag>
  </entry>
  <entry>
    <string>8</string>
    <Tag plugin="workflow-support@968.v8f17397e87b_8">
      <node class="cps.n.StepEndNode" plugin="workflow-cps@4106.v7a_8a_8176d450">
        <parentIds>
          <string>7</string>
        </parentIds>
        <id>8</id>
        <startId>6</startId>
      </node>
      <actions>
        <wf.a.BodyInvocationAction plugin="workflow-api@1373.v7b_813f10efa_b_"/>
        <wf.a.TimingAction plugin="workflow-api@1373.v7b_813f10efa_b_">
          <startTime>1748678434286</startTime>
        </wf.a.TimingAction>
      </actions>
    </Tag>
  </entry>
  <entry>
    <string>9</string>
    <Tag plugin="workflow-support@968.v8f17397e87b_8">
      <node class="cps.n.StepEndNode" plugin="workflow-cps@4106.v7a_8a_8176d450">
        <parentIds>
          <string>8</string>
        </parentIds>
        <id>9</id>
        <startId>5</startId>
      </node>
      <actions>
        <wf.a.TimingAction plugin="workflow-api@1373.v7b_813f10efa_b_">
          <startTime>1748678434309</startTime>
        </wf.a.TimingAction>
      </actions>
    </Tag>
  </entry>
  <entry>
    <string>10</string>
    <Tag plugin="workflow-support@968.v8f17397e87b_8">
      <node class="cps.n.StepStartNode" plugin="workflow-cps@4106.v7a_8a_8176d450">
        <parentIds>
          <string>9</string>
        </parentIds>
        <id>10</id>
        <descriptorId>org.jenkinsci.plugins.workflow.steps.EnvStep</descriptorId>
      </node>
      <actions>
        <s.a.LogStorageAction/>
        <cps.a.ArgumentsActionImpl plugin="workflow-cps@4106.v7a_8a_8176d450">
          <arguments>
            <entry>
              <string>overrides</string>
              <list>
                <string>GIT_BRANCH=origin/main</string>
                <string>GIT_COMMIT=452182239c3ddda33118bf83a4a4f5f11c6c0652</string>
                <string>GIT_URL=https://github.com/yinon46/pythonAPP.git</string>
              </list>
            </entry>
          </arguments>
          <sensitiveVariables/>
          <isUnmodifiedBySanitization>true</isUnmodifiedBySanitization>
        </cps.a.ArgumentsActionImpl>
        <wf.a.TimingAction plugin="workflow-api@1373.v7b_813f10efa_b_">
          <startTime>1748678434334</startTime>
        </wf.a.TimingAction>
      </actions>
    </Tag>
  </entry>
  <entry>
    <string>11</string>
    <Tag plugin="workflow-support@968.v8f17397e87b_8">
      <node class="cps.n.StepStartNode" plugin="workflow-cps@4106.v7a_8a_8176d450">
        <parentIds>
          <string>10</string>
        </parentIds>
        <id>11</id>
        <descriptorId>org.jenkinsci.plugins.workflow.steps.EnvStep</descriptorId>
      </node>
      <actions>
        <wf.a.BodyInvocationAction plugin="workflow-api@1373.v7b_813f10efa_b_"/>
        <wf.a.TimingAction plugin="workflow-api@1373.v7b_813f10efa_b_">
          <startTime>1748678434340</startTime>
        </wf.a.TimingAction>
      </actions>
    </Tag>
  </entry>
  <entry>
    <string>12</string>
    <Tag plugin="workflow-support@968.v8f17397e87b_8">
      <node class="cps.n.StepStartNode" plugin="workflow-cps@4106.v7a_8a_8176d450">
        <parentIds>
          <string>11</string>
        </parentIds>
        <id>12</id>
        <descriptorId>org.jenkinsci.plugins.workflow.support.steps.StageStep</descriptorId>
      </node>
      <actions>
        <s.a.LogStorageAction/>
        <cps.a.ArgumentsActionImpl plugin="workflow-cps@4106.v7a_8a_8176d450">
          <arguments>
            <entry>
              <string>name</string>
              <string>Welcome</string>
            </entry>
          </arguments>
          <sensitiveVariables/>
          <isUnmodifiedBySanitization>true</isUnmodifiedBySanitization>
        </cps.a.ArgumentsActionImpl>
        <wf.a.TimingAction plugin="workflow-api@1373.v7b_813f10efa_b_">
          <startTime>1748678434378</startTime>
        </wf.a.TimingAction>
      </actions>
    </Tag>
  </entry>
  <entry>
    <string>13</string>
    <Tag plugin="workflow-support@968.v8f17397e87b_8">
      <node class="cps.n.StepStartNode" plugin="workflow-cps@4106.v7a_8a_8176d450">
        <parentIds>
          <string>12</string>
        </parentIds>
        <id>13</id>
        <descriptorId>org.jenkinsci.plugins.workflow.support.steps.StageStep</descriptorId>
      </node>
      <actions>
        <wf.a.BodyInvocationAction plugin="workflow-api@1373.v7b_813f10efa_b_"/>
        <wf.a.LabelAction plugin="workflow-api@1373.v7b_813f10efa_b_">
          <displayName>Welcome</displayName>
        </wf.a.LabelAction>
        <wf.a.TimingAction plugin="workflow-api@1373.v7b_813f10efa_b_">
          <startTime>1748678434383</startTime>
        </wf.a.TimingAction>
      </actions>
    </Tag>
  </entry>
  <entry>
    <string>14</string>
    <Tag plugin="workflow-support@968.v8f17397e87b_8">
      <node class="cps.n.StepAtomNode" plugin="workflow-cps@4106.v7a_8a_8176d450">
        <parentIds>
          <string>13</string>
        </parentIds>
        <id>14</id>
        <descriptorId>org.jenkinsci.plugins.workflow.steps.EchoStep</descriptorId>
      </node>
      <actions>
        <cps.a.ArgumentsActionImpl plugin="workflow-cps@4106.v7a_8a_8176d450">
          <arguments>
            <entry>
              <string>message</string>
              <string>Welcome to Jenkins Python CI!</string>
            </entry>
          </arguments>
          <sensitiveVariables/>
          <isUnmodifiedBySanitization>true</isUnmodifiedBySanitization>
        </cps.a.ArgumentsActionImpl>
        <wf.a.TimingAction plugin="workflow-api@1373.v7b_813f10efa_b_">
          <startTime>1748678434422</startTime>
        </wf.a.TimingAction>
        <s.a.LogStorageAction/>
      </actions>
    </Tag>
  </entry>
  <entry>
    <string>15</string>
    <Tag plugin="workflow-support@968.v8f17397e87b_8">
      <node class="cps.n.StepEndNode" plugin="workflow-cps@4106.v7a_8a_8176d450">
        <parentIds>
          <string>14</string>
        </parentIds>
        <id>15</id>
        <startId>13</startId>
      </node>
      <actions>
        <wf.a.BodyInvocationAction plugin="workflow-api@1373.v7b_813f10efa_b_"/>
        <wf.a.TimingAction plugin="workflow-api@1373.v7b_813f10efa_b_">
          <startTime>1748678434432</startTime>
        </wf.a.TimingAction>
      </actions>
    </Tag>
  </entry>
  <entry>
    <string>16</string>
    <Tag plugin="workflow-support@968.v8f17397e87b_8">
      <node class="cps.n.StepEndNode" plugin="workflow-cps@4106.v7a_8a_8176d450">
        <parentIds>
          <string>15</string>
        </parentIds>
        <id>16</id>
        <startId>12</startId>
      </node>
      <actions>
        <wf.a.TimingAction plugin="workflow-api@1373.v7b_813f10efa_b_">
          <startTime>1748678434456</startTime>
        </wf.a.TimingAction>
      </actions>
    </Tag>
  </entry>
  <entry>
    <string>17</string>
    <Tag plugin="workflow-support@968.v8f17397e87b_8">
      <node class="cps.n.StepStartNode" plugin="workflow-cps@4106.v7a_8a_8176d450">
        <parentIds>
          <string>16</string>
        </parentIds>
        <id>17</id>
        <descriptorId>org.jenkinsci.plugins.workflow.support.steps.StageStep</descriptorId>
      </node>
      <actions>
        <s.a.LogStorageAction/>
        <cps.a.ArgumentsActionImpl plugin="workflow-cps@4106.v7a_8a_8176d450">
          <arguments>
            <entry>
              <string>name</string>
              <string>Install Python &amp; Check Version</string>
            </entry>
          </arguments>
          <sensitiveVariables/>
          <isUnmodifiedBySanitization>true</isUnmodifiedBySanitization>
        </cps.a.ArgumentsActionImpl>
        <wf.a.TimingAction plugin="workflow-api@1373.v7b_813f10efa_b_">
          <startTime>1748678434480</startTime>
        </wf.a.TimingAction>
      </actions>
    </Tag>
  </entry>
  <entry>
    <string>18</string>
    <Tag plugin="workflow-support@968.v8f17397e87b_8">
      <node class="cps.n.StepStartNode" plugin="workflow-cps@4106.v7a_8a_8176d450">
        <parentIds>
          <string>17</string>
        </parentIds>
        <id>18</id>
        <descriptorId>org.jenkinsci.plugins.workflow.support.steps.StageStep</descriptorId>
      </node>
      <actions>
        <wf.a.BodyInvocationAction plugin="workflow-api@1373.v7b_813f10efa_b_"/>
        <wf.a.LabelAction plugin="workflow-api@1373.v7b_813f10efa_b_">
          <displayName>Install Python &amp; Check Version</displayName>
        </wf.a.LabelAction>
        <wf.a.TimingAction plugin="workflow-api@1373.v7b_813f10efa_b_">
          <startTime>1748678434486</startTime>
        </wf.a.TimingAction>
        <wf.a.TagsAction plugin="workflow-api@1373.v7b_813f10efa_b_">
          <tags>
            <entry>
              <string>STAGE_STATUS</string>
              <string>FAILED_AND_CONTINUED</string>
            </entry>
          </tags>
        </wf.a.TagsAction>
      </actions>
    </Tag>
  </entry>
  <entry>
    <string>19</string>
    <Tag plugin="workflow-support@968.v8f17397e87b_8">
      <node class="cps.n.StepAtomNode" plugin="workflow-cps@4106.v7a_8a_8176d450">
        <parentIds>
          <string>18</string>
        </parentIds>
        <id>19</id>
        <descriptorId>org.jenkinsci.plugins.workflow.steps.durable_task.ShellStep</descriptorId>
      </node>
      <actions>
        <cps.a.ArgumentsActionImpl plugin="workflow-cps@4106.v7a_8a_8176d450">
          <arguments>
            <entry>
              <string>script</string>
              <string>python --version</string>
            </entry>
          </arguments>
          <sensitiveVariables/>
          <isUnmodifiedBySanitization>true</isUnmodifiedBySanitization>
        </cps.a.ArgumentsActionImpl>
        <wf.a.TimingAction plugin="workflow-api@1373.v7b_813f10efa_b_">
          <startTime>1748678434524</startTime>
        </wf.a.TimingAction>
        <s.a.LogStorageAction/>
        <wf.a.ErrorAction plugin="workflow-api@1373.v7b_813f10efa_b_">
          <error class="hudson.AbortException">
            <detailMessage>script returned exit code 127</detailMessage>
            <stackTrace>
              <trace>PluginClassLoader for workflow-durable-task-step//org.jenkinsci.plugins.workflow.steps.durable_task.DurableTaskStep$Execution.handleExit(DurableTaskStep.java:672)</trace>
              <trace>PluginClassLoader for workflow-durable-task-step//org.jenkinsci.plugins.workflow.steps.durable_task.DurableTaskStep$Execution.check(DurableTaskStep.java:618)</trace>
              <trace>PluginClassLoader for workflow-durable-task-step//org.jenkinsci.plugins.workflow.steps.durable_task.DurableTaskStep$Execution.run(DurableTaskStep.java:559)</trace>
              <trace>java.base/java.util.concurrent.Executors$RunnableAdapter.call(Unknown Source)</trace>
              <trace>java.base/java.util.concurrent.FutureTask.run(Unknown Source)</trace>
              <trace>java.base/java.util.concurrent.ScheduledThreadPoolExecutor$ScheduledFutureTask.run(Unknown Source)</trace>
              <trace>java.base/java.util.concurrent.ThreadPoolExecutor.runWorker(Unknown Source)</trace>
              <trace>java.base/java.util.concurrent.ThreadPoolExecutor$Worker.run(Unknown Source)</trace>
              <trace>java.base/java.lang.Thread.run(Unknown Source)</trace>
            </stackTrace>
            <suppressedExceptions>
              <wf.a.ErrorAction_-ErrorId>
                <stackTrace/>
                <suppressedExceptions class="empty-list"/>
                <uuid>aca066be-63a5-49e5-9ffa-98446c0e5f23</uuid>
              </wf.a.ErrorAction_-ErrorId>
            </suppressedExceptions>
          </error>
        </wf.a.ErrorAction>
      </actions>
    </Tag>
  </entry>
  <entry>
    <string>20</string>
    <Tag plugin="workflow-support@968.v8f17397e87b_8">
      <node class="cps.n.StepEndNode" plugin="workflow-cps@4106.v7a_8a_8176d450">
        <parentIds>
          <string>19</string>
        </parentIds>
        <id>20</id>
        <startId>18</startId>
      </node>
      <actions>
        <wf.a.BodyInvocationAction plugin="workflow-api@1373.v7b_813f10efa_b_"/>
        <wf.a.TimingAction plugin="workflow-api@1373.v7b_813f10efa_b_">
          <startTime>1748678434820</startTime>
        </wf.a.TimingAction>
        <wf.a.ErrorAction plugin="workflow-api@1373.v7b_813f10efa_b_">
          <error class="hudson.AbortException" reference="../../../../../entry[18]/Tag/actions/wf.a.ErrorAction/error"/>
        </wf.a.ErrorAction>
      </actions>
    </Tag>
  </entry>
  <entry>
    <string>21</string>
    <Tag plugin="workflow-support@968.v8f17397e87b_8">
      <node class="cps.n.StepEndNode" plugin="workflow-cps@4106.v7a_8a_8176d450">
        <parentIds>
          <string>20</string>
        </parentIds>
        <id>21</id>
        <startId>17</startId>
      </node>
      <actions>
        <wf.a.TimingAction plugin="workflow-api@1373.v7b_813f10efa_b_">
          <startTime>1748678434852</startTime>
        </wf.a.TimingAction>
        <wf.a.ErrorAction plugin="workflow-api@1373.v7b_813f10efa_b_">
          <error class="hudson.AbortException" reference="../../../../../entry[18]/Tag/actions/wf.a.ErrorAction/error"/>
        </wf.a.ErrorAction>
      </actions>
    </Tag>
  </entry>
  <entry>
    <string>22</string>
    <Tag plugin="workflow-support@968.v8f17397e87b_8">
      <node class="cps.n.StepStartNode" plugin="workflow-cps@4106.v7a_8a_8176d450">
        <parentIds>
          <string>21</string>
        </parentIds>
        <id>22</id>
        <descriptorId>org.jenkinsci.plugins.workflow.support.steps.StageStep</descriptorId>
      </node>
      <actions>
        <s.a.LogStorageAction/>
        <cps.a.ArgumentsActionImpl plugin="workflow-cps@4106.v7a_8a_8176d450">
          <arguments>
            <entry>
              <string>name</string>
              <string>Run app</string>
            </entry>
          </arguments>
          <sensitiveVariables/>
          <isUnmodifiedBySanitization>true</isUnmodifiedBySanitization>
        </cps.a.ArgumentsActionImpl>
        <wf.a.TimingAction plugin="workflow-api@1373.v7b_813f10efa_b_">
          <startTime>1748678434885</startTime>
        </wf.a.TimingAction>
      </actions>
    </Tag>
  </entry>
  <entry>
    <string>23</string>
    <Tag plugin="workflow-support@968.v8f17397e87b_8">
      <node class="cps.n.StepStartNode" plugin="workflow-cps@4106.v7a_8a_8176d450">
        <parentIds>
          <string>22</string>
        </parentIds>
        <id>23</id>
        <descriptorId>org.jenkinsci.plugins.workflow.support.steps.StageStep</descriptorId>
      </node>
      <actions>
        <wf.a.BodyInvocationAction plugin="workflow-api@1373.v7b_813f10efa_b_"/>
        <wf.a.LabelAction plugin="workflow-api@1373.v7b_813f10efa_b_">
          <displayName>Run app</displayName>
        </wf.a.LabelAction>
        <wf.a.TimingAction plugin="workflow-api@1373.v7b_813f10efa_b_">
          <startTime>1748678434891</startTime>
        </wf.a.TimingAction>
        <wf.a.TagsAction plugin="workflow-api@1373.v7b_813f10efa_b_">
          <tags>
            <entry>
              <string>STAGE_STATUS</string>
              <string>SKIPPED_FOR_FAILURE</string>
            </entry>
          </tags>
        </wf.a.TagsAction>
      </actions>
    </Tag>
  </entry>
  <entry>
    <string>24</string>
    <Tag plugin="workflow-support@968.v8f17397e87b_8">
      <node class="cps.n.StepAtomNode" plugin="workflow-cps@4106.v7a_8a_8176d450">
        <parentIds>
          <string>23</string>
        </parentIds>
        <id>24</id>
        <descriptorId>org.jenkinsci.plugins.workflow.steps.GetContextStep</descriptorId>
      </node>
      <actions>
        <cps.a.ArgumentsActionImpl plugin="workflow-cps@4106.v7a_8a_8176d450">
          <arguments>
            <entry>
              <string>type</string>
              <wf.a.ArgumentsAction_-NotStoredReason>UNSERIALIZABLE</wf.a.ArgumentsAction_-NotStoredReason>
            </entry>
          </arguments>
          <sensitiveVariables/>
          <isUnmodifiedBySanitization>false</isUnmodifiedBySanitization>
        </cps.a.ArgumentsActionImpl>
        <wf.a.TimingAction plugin="workflow-api@1373.v7b_813f10efa_b_">
          <startTime>1748678434916</startTime>
        </wf.a.TimingAction>
        <s.a.LogStorageAction/>
      </actions>
    </Tag>
  </entry>
  <entry>
    <string>25</string>
    <Tag plugin="workflow-support@968.v8f17397e87b_8">
      <node class="cps.n.StepEndNode" plugin="workflow-cps@4106.v7a_8a_8176d450">
        <parentIds>
          <string>24</string>
        </parentIds>
        <id>25</id>
        <startId>23</startId>
      </node>
      <actions>
        <wf.a.BodyInvocationAction plugin="workflow-api@1373.v7b_813f10efa_b_"/>
        <wf.a.TimingAction plugin="workflow-api@1373.v7b_813f10efa_b_">
          <startTime>1748678434934</startTime>
        </wf.a.TimingAction>
        <wf.a.ErrorAction plugin="workflow-api@1373.v7b_813f10efa_b_">
          <error class="hudson.AbortException" reference="../../../../../entry[18]/Tag/actions/wf.a.ErrorAction/error"/>
        </wf.a.ErrorAction>
      </actions>
    </Tag>
  </entry>
  <entry>
    <string>26</string>
    <Tag plugin="workflow-support@968.v8f17397e87b_8">
      <node class="cps.n.StepEndNode" plugin="workflow-cps@4106.v7a_8a_8176d450">
        <parentIds>
          <string>25</string>
        </parentIds>
        <id>26</id>
        <startId>22</startId>
      </node>
      <actions>
        <wf.a.TimingAction plugin="workflow-api@1373.v7b_813f10efa_b_">
          <startTime>1748678434965</startTime>
        </wf.a.TimingAction>
        <wf.a.ErrorAction plugin="workflow-api@1373.v7b_813f10efa_b_">
          <error class="hudson.AbortException" reference="../../../../../entry[18]/Tag/actions/wf.a.ErrorAction/error"/>
        </wf.a.ErrorAction>
      </actions>
    </Tag>
  </entry>
  <entry>
    <string>27</string>
    <Tag plugin="workflow-support@968.v8f17397e87b_8">
      <node class="cps.n.StepStartNode" plugin="workflow-cps@4106.v7a_8a_8176d450">
        <parentIds>
          <string>26</string>
        </parentIds>
        <id>27</id>
        <descriptorId>org.jenkinsci.plugins.workflow.support.steps.StageStep</descriptorId>
      </node>
      <actions>
        <s.a.LogStorageAction/>
        <cps.a.ArgumentsActionImpl plugin="workflow-cps@4106.v7a_8a_8176d450">
          <arguments>
            <entry>
              <string>name</string>
              <string>Run Unit Tests</string>
            </entry>
          </arguments>
          <sensitiveVariables/>
          <isUnmodifiedBySanitization>true</isUnmodifiedBySanitization>
        </cps.a.ArgumentsActionImpl>
        <wf.a.TimingAction plugin="workflow-api@1373.v7b_813f10efa_b_">
          <startTime>1748678434997</startTime>
        </wf.a.TimingAction>
      </actions>
    </Tag>
  </entry>
  <entry>
    <string>28</string>
    <Tag plugin="workflow-support@968.v8f17397e87b_8">
      <node class="cps.n.StepStartNode" plugin="workflow-cps@4106.v7a_8a_8176d450">
        <parentIds>
          <string>27</string>
        </parentIds>
        <id>28</id>
        <descriptorId>org.jenkinsci.plugins.workflow.support.steps.StageStep</descriptorId>
      </node>
      <actions>
        <wf.a.BodyInvocationAction plugin="workflow-api@1373.v7b_813f10efa_b_"/>
        <wf.a.LabelAction plugin="workflow-api@1373.v7b_813f10efa_b_">
          <displayName>Run Unit Tests</displayName>
        </wf.a.LabelAction>
        <wf.a.TimingAction plugin="workflow-api@1373.v7b_813f10efa_b_">
          <startTime>1748678435004</startTime>
        </wf.a.TimingAction>
        <wf.a.TagsAction plugin="workflow-api@1373.v7b_813f10efa_b_">
          <tags>
            <entry>
              <string>STAGE_STATUS</string>
              <string>SKIPPED_FOR_FAILURE</string>
            </entry>
          </tags>
        </wf.a.TagsAction>
      </actions>
    </Tag>
  </entry>
  <entry>
    <string>29</string>
    <Tag plugin="workflow-support@968.v8f17397e87b_8">
      <node class="cps.n.StepAtomNode" plugin="workflow-cps@4106.v7a_8a_8176d450">
        <parentIds>
          <string>28</string>
        </parentIds>
        <id>29</id>
        <descriptorId>org.jenkinsci.plugins.workflow.steps.GetContextStep</descriptorId>
      </node>
      <actions>
        <cps.a.ArgumentsActionImpl plugin="workflow-cps@4106.v7a_8a_8176d450">
          <arguments>
            <entry>
              <string>type</string>
              <wf.a.ArgumentsAction_-NotStoredReason>UNSERIALIZABLE</wf.a.ArgumentsAction_-NotStoredReason>
            </entry>
          </arguments>
          <sensitiveVariables/>
          <isUnmodifiedBySanitization>false</isUnmodifiedBySanitization>
        </cps.a.ArgumentsActionImpl>
        <wf.a.TimingAction plugin="workflow-api@1373.v7b_813f10efa_b_">
          <startTime>1748678435033</startTime>
        </wf.a.TimingAction>
        <s.a.LogStorageAction/>
      </actions>
    </Tag>
  </entry>
  <entry>
    <string>30</string>
    <Tag plugin="workflow-support@968.v8f17397e87b_8">
      <node class="cps.n.StepEndNode" plugin="workflow-cps@4106.v7a_8a_8176d450">
        <parentIds>
          <string>29</string>
        </parentIds>
        <id>30</id>
        <startId>28</startId>
      </node>
      <actions>
        <wf.a.BodyInvocationAction plugin="workflow-api@1373.v7b_813f10efa_b_"/>
        <wf.a.TimingAction plugin="workflow-api@1373.v7b_813f10efa_b_">
          <startTime>1748678435051</startTime>
        </wf.a.TimingAction>
        <wf.a.ErrorAction plugin="workflow-api@1373.v7b_813f10efa_b_">
          <error class="hudson.AbortException" reference="../../../../../entry[18]/Tag/actions/wf.a.ErrorAction/error"/>
        </wf.a.ErrorAction>
      </actions>
    </Tag>
  </entry>
  <entry>
    <string>31</string>
    <Tag plugin="workflow-support@968.v8f17397e87b_8">
      <node class="cps.n.StepEndNode" plugin="workflow-cps@4106.v7a_8a_8176d450">
        <parentIds>
          <string>30</string>
        </parentIds>
        <id>31</id>
        <startId>27</startId>
      </node>
      <actions>
        <wf.a.TimingAction plugin="workflow-api@1373.v7b_813f10efa_b_">
          <startTime>1748678435082</startTime>
        </wf.a.TimingAction>
        <wf.a.ErrorAction plugin="workflow-api@1373.v7b_813f10efa_b_">
          <error class="hudson.AbortException" reference="../../../../../entry[18]/Tag/actions/wf.a.ErrorAction/error"/>
        </wf.a.ErrorAction>
      </actions>
    </Tag>
  </entry>
  <entry>
    <string>32</string>
    <Tag plugin="workflow-support@968.v8f17397e87b_8">
      <node class="cps.n.StepEndNode" plugin="workflow-cps@4106.v7a_8a_8176d450">
        <parentIds>
          <string>31</string>
        </parentIds>
        <id>32</id>
        <startId>11</startId>
      </node>
      <actions>
        <wf.a.BodyInvocationAction plugin="workflow-api@1373.v7b_813f10efa_b_"/>
        <wf.a.TimingAction plugin="workflow-api@1373.v7b_813f10efa_b_">
          <startTime>1748678435101</startTime>
        </wf.a.TimingAction>
        <wf.a.ErrorAction plugin="workflow-api@1373.v7b_813f10efa_b_">
          <error class="hudson.AbortException" reference="../../../../../entry[18]/Tag/actions/wf.a.ErrorAction/error"/>
        </wf.a.ErrorAction>
      </actions>
    </Tag>
  </entry>
  <entry>
    <string>33</string>
    <Tag plugin="workflow-support@968.v8f17397e87b_8">
      <node class="cps.n.StepEndNode" plugin="workflow-cps@4106.v7a_8a_8176d450">
        <parentIds>
          <string>32</string>
        </parentIds>
        <id>33</id>
        <startId>10</startId>
      </node>
      <actions>
        <wf.a.TimingAction plugin="workflow-api@1373.v7b_813f10efa_b_">
          <startTime>1748678435129</startTime>
        </wf.a.TimingAction>
        <wf.a.ErrorAction plugin="workflow-api@1373.v7b_813f10efa_b_">
          <error class="hudson.AbortException" reference="../../../../../entry[18]/Tag/actions/wf.a.ErrorAction/error"/>
        </wf.a.ErrorAction>
      </actions>
    </Tag>
  </entry>
  <entry>
    <string>34</string>
    <Tag plugin="workflow-support@968.v8f17397e87b_8">
      <node class="cps.n.StepEndNode" plugin="workflow-cps@4106.v7a_8a_8176d450">
        <parentIds>
          <string>33</string>
        </parentIds>
        <id>34</id>
        <startId>4</startId>
      </node>
      <actions>
        <wf.a.BodyInvocationAction plugin="workflow-api@1373.v7b_813f10efa_b_"/>
        <wf.a.TimingAction plugin="workflow-api@1373.v7b_813f10efa_b_">
          <startTime>1748678435147</startTime>
        </wf.a.TimingAction>
        <wf.a.ErrorAction plugin="workflow-api@1373.v7b_813f10efa_b_">
          <error class="hudson.AbortException" reference="../../../../../entry[18]/Tag/actions/wf.a.ErrorAction/error"/>
        </wf.a.ErrorAction>
      </actions>
    </Tag>
  </entry>
  <entry>
    <string>35</string>
    <Tag plugin="workflow-support@968.v8f17397e87b_8">
      <node class="cps.n.StepEndNode" plugin="workflow-cps@4106.v7a_8a_8176d450">
        <parentIds>
          <string>34</string>
        </parentIds>
        <id>35</id>
        <startId>3</startId>
      </node>
      <actions>
        <wf.a.TimingAction plugin="workflow-api@1373.v7b_813f10efa_b_">
          <startTime>1748678435180</startTime>
        </wf.a.TimingAction>
        <wf.a.ErrorAction plugin="workflow-api@1373.v7b_813f10efa_b_">
          <error class="hudson.AbortException" reference="../../../../../entry[18]/Tag/actions/wf.a.ErrorAction/error"/>
        </wf.a.ErrorAction>
        <wf.a.ErrorAction plugin="workflow-api@1373.v7b_813f10efa_b_">
          <error class="hudson.AbortException" reference="../../../../../entry[18]/Tag/actions/wf.a.ErrorAction/error"/>
        </wf.a.ErrorAction>
      </actions>
    </Tag>
  </entry>
  <entry>
    <string>36</string>
    <Tag plugin="workflow-support@968.v8f17397e87b_8">
      <node class="org.jenkinsci.plugins.workflow.graph.FlowEndNode" plugin="workflow-api@1373.v7b_813f10efa_b_">
        <parentIds>
          <string>35</string>
        </parentIds>
        <id>36</id>
        <startId>2</startId>
        <result>
          <name>FAILURE</name>
          <ordinal>2</ordinal>
          <color>RED</color>
          <completeBuild>true</completeBuild>
        </result>
      </node>
      <actions>
        <wf.a.ErrorAction plugin="workflow-api@1373.v7b_813f10efa_b_">
          <error class="hudson.AbortException" reference="../../../../../entry[18]/Tag/actions/wf.a.ErrorAction/error"/>
        </wf.a.ErrorAction>
        <wf.a.TimingAction plugin="workflow-api@1373.v7b_813f10efa_b_">
          <startTime>1748678435210</startTime>
        </wf.a.TimingAction>
      </actions>
    </Tag>
  </entry>
</linked-hash-map>